{
    "account": "13058189132",
    "password": "fuwenjun111",
    "mi_did": "566535483",
    "cookie": "",
    "verbose": false,
    "music_path": "music",
    "download_path": "music/download",
    "conf_path": "/app/conf",
    "hostname": "192.168.31.47",
    "port": 18091,
    "public_port": 0,
    "proxy": "",
    "search_prefix": "bilisearch:",
    "ffmpeg_location": "./ffmpeg/bin",
    "active_cmd": "play,set_random_play,playlocal,play_music_list,stop",
    "exclude_dirs": "@eaDir",
    "music_path_depth": 10,
    "disable_httpauth": true,
    "httpauth_username": "",
    "httpauth_password": "",
    "music_list_url": "",
    "music_list_json": "",
    "custom_play_list_json": "{\"收藏\": [\"阿杜-他一定很爱你\"]}",
    "disable_download": false,
    "key_word_dict": {
        "播放歌曲": "play",
        "播放本地歌曲": "playlocal",
        "关机": "stop",
        "下一首": "play_next",
        "单曲循环": "set_play_type_one",
        "全部循环": "set_play_type_all",
        "随机播放": "set_random_play",
        "分钟后关机": "stop_after_minute",
        "播放列表": "play_music_list",
        "刷新列表": "gen_music_list",
        "加入收藏": "add_to_favorites",
        "取消收藏": "del_from_favorites",
        "本地播放歌曲": "playlocal",
        "放歌曲": "play",
        "暂停": "stop",
        "停止": "stop",
        "停止播放": "stop",
        "测试自定义口令": "exec#code1(\"hello\")",
        "测试链接": "exec#httpget(\"https://github.com/hanxi/xiaomusic\")"
    },
    "key_match_order": [
        "分钟后关机",
        "播放歌曲",
        "下一首",
        "单曲循环",
        "全部循环",
        "随机播放",
        "关机",
        "刷新列表",
        "播放列表",
        "加入收藏",
        "取消收藏",
        "播放本地歌曲",
        "本地播放歌曲",
        "放歌曲",
        "暂停",
        "停止",
        "停止播放",
        "测试自定义口令",
        "测试链接"
    ],
    "use_music_api": false,
    "use_music_audio_id": "1582971365183456177",
    "use_music_id": "355454500",
    "log_file": "/tmp/xiaomusic.txt",
    "fuzzy_match_cutoff": 0.6,
    "enable_fuzzy_match": true,
    "stop_tts_msg": "小麻薯，下次再见啦，要相信光哦！",
    "enable_config_example": false,
    "keywords_playlocal": "播放本地歌曲,本地播放歌曲",
    "keywords_play": "播放歌曲,放歌曲",
    "keywords_stop": "关机,暂停,停止,停止播放",
    "user_key_word_dict": {
        "测试自定义口令": "exec#code1(\"hello\")",
        "测试链接": "exec#httpget(\"https://github.com/hanxi/xiaomusic\")"
    },
    "enable_force_stop": false,
    "devices": {
        "566535483": {
            "did": "566535483",
            "device_id": "89eaea7e-dafd-4585-b13b-285f527e33c9",
            "hardware": "LX06",
            "name": "小爱音箱Pro",
            "play_type": 2,
            "cur_music": "",
            "cur_playlist": ""
        }
    },
    "group_list": "",
    "remove_id3tag": false,
    "convert_to_mp3": false,
    "delay_sec": 3
}