{
  "id": "4704419",
  "name": "player",
  "font_family": "iconfont",
  "css_prefix_text": "icon-",
  "description": "",
  "glyphs": [
    {
      "icon_id": "8106217",
      "name": "delete",
      "font_class": "delete",
      "unicode": "e699",
      "unicode_decimal": 59033
    },
    {
      "icon_id": "8106221",
      "name": "settings",
      "font_class": "settings",
      "unicode": "e69a",
      "unicode_decimal": 59034
    },
    {
      "icon_id": "8106226",
      "name": "musiclist",
      "font_class": "musiclist",
      "unicode": "e69c",
      "unicode_decimal": 59036
    },
    {
      "icon_id": "8106259",
      "name": "soundsize",
      "font_class": "soundsize",
      "unicode": "e69f",
      "unicode_decimal": 59039
    },
    {
      "icon_id": "8106273",
      "name": "timeout",
      "font_class": "timeout",
      "unicode": "e6a2",
      "unicode_decimal": 59042
    },
    {
      "icon_id": "8106275",
      "name": "refresh",
      "font_class": "refresh",
      "unicode": "e6a3",
      "unicode_decimal": 59043
    },
    {
      "icon_id": "8106284",
      "name": "mute",
      "font_class": "mute",
      "unicode": "e69d",
      "unicode_decimal": 59037
    },
    {
      "icon_id": "10678401",
      "name": "back",
      "font_class": "back",
      "unicode": "e6db",
      "unicode_decimal": 59099
    },
    {
      "icon_id": "10678407",
      "name": "close",
      "font_class": "close",
      "unicode": "e6dc",
      "unicode_decimal": 59100
    },
    {
      "icon_id": "10678418",
      "name": "info",
      "font_class": "info",
      "unicode": "e6de",
      "unicode_decimal": 59102
    },
    {
      "icon_id": "10678434",
      "name": "search",
      "font_class": "search",
      "unicode": "e6e1",
      "unicode_decimal": 59105
    },
    {
      "icon_id": "10678437",
      "name": "step back",
      "font_class": "stepback",
      "unicode": "e6e2",
      "unicode_decimal": 59106
    },
    {
      "icon_id": "10678457",
      "name": "volume",
      "font_class": "volume",
      "unicode": "e6e3",
      "unicode_decimal": 59107
    },
    {
      "icon_id": "12865659",
      "name": "diffuser play",
      "font_class": "diffuserplay",
      "unicode": "e6e8",
      "unicode_decimal": 59112
    },
    {
      "icon_id": "15838511",
      "name": "play",
      "font_class": "play",
      "unicode": "e67a",
      "unicode_decimal": 59002
    }
  ]
}
